Year,MaySep_Hottest_C,MaySep_Coldest_C,MaySep_Precip_total_mm,MaySep_RH_pct,MaySep_Solar_MJ_m2_day,OctJun_Hottest_C,OctJun_Coldest_C,OctJun_Precip_total_mm,OctJun_RH_pct,OctJun_Solar_MJ_m2_day
1981,35.17,8.36,532.77,61.01,,,,,,
1982,34.32,8.68,508.65,68.29,,22.96,-8.44,548.93,68.63,
1983,37.76,8.25,401.41,56.35,,22.79,-6.29,464.39,71.08,
1984,36.41,8.04,248.79,57.31,21.63,21.61,-8.41,556.26,73.83,
1985,36.98,7.14,481.22,62.35,21.19,23.9,-6.98,471.76,67.24,14.53
1986,35.44,10.21,436.97,63.18,21.42,24.63,-6.89,368.21,67.5,14.53
1987,35.27,9.19,443.1,68.2,22.09,22.53,-6.2,665.91,72.08,14.36
1988,38.53,9.51,338.72,51.62,22.22,26.35,-6.11,279.89,61.61,15.12
1989,37.79,6.65,502.98,60.28,21.27,27.34,-6.93,312.72,57.27,14.77
1990,38.62,7.36,463.43,58.6,22.18,25.98,-7.26,406.34,61.32,14.62
1991,38.5,9.27,332.36,55.44,21.64,25.96,-5.14,356.98,61.79,14.72
1992,33.1,7.94,507.89,64.9,20.75,24.68,-6.95,450.66,66.87,13.89
1993,32.45,8.17,809.56,75.56,20.22,20.7,-6.94,581.75,75.99,13.09
1994,35.39,8.23,347.51,63.92,22.62,23.92,-7.98,349.46,72.31,14.69
1995,33.98,6.48,485.88,66.51,20.58,23.23,-6.09,552.83,70.28,13.46
1996,35.54,8.6,583.85,65.97,20.43,25.71,-8.58,362.29,62.15,14.59
1997,36.29,9.38,371.23,60.38,22.04,24.28,-6.86,379.2,66.81,14.81
1998,38.86,10.73,376.68,60.61,22.24,24.36,-6.47,482.43,71.14,14.49
1999,35.01,8.8,440.9,62.3,21.35,23.77,-4.07,525.67,68.29,13.91
2000,39.33,9.09,299.5,51.12,22.58,25.38,-3.26,332.52,59.87,15.08
2001,37.04,9.41,507.51,60.19,22.51,23.55,-7.72,534.25,68.27,14.3
2002,38.69,10.09,301.74,52.99,22.41,25.77,-6.4,314.43,60.9,15.11
2003,36.28,9.73,374.88,55.87,22.51,25.63,-6.13,471.56,65.91,14.3
2004,36.32,8.43,450.21,60.34,22.21,24.51,-6.17,393.0,64.97,14.8
2005,37.8,7.33,482.86,61.88,22.73,24.44,-5.97,473.23,67.9,14.44
2006,38.25,10.24,463.51,57.23,22.49,27.11,-5.3,388.13,61.42,15.43
2007,33.52,10.46,575.09,69.61,21.82,24.74,-6.23,585.52,70.55,14.32
2008,34.08,9.04,580.57,67.67,21.72,23.82,-5.81,563.08,68.68,15.1
2009,33.55,8.48,394.41,65.65,21.68,23.47,-6.91,470.56,69.82,14.74
2010,34.85,10.24,573.11,67.17,22.35,21.58,-6.2,621.63,73.6,14.06
2011,38.38,10.68,573.94,62.98,22.59,26.01,-6.41,446.71,66.16,14.62
2012,40.6,9.79,228.6,47.91,23.8,27.22,-4.42,362.3,60.81,15.55
2013,39.81,8.56,391.89,59.03,21.55,26.29,-6.58,358.1,61.97,14.95
2014,36.6,8.14,499.59,62.01,22.53,24.42,-8.53,412.18,61.84,15.06
2015,36.31,9.73,512.5,65.13,21.54,25.54,-6.68,416.26,63.93,14.72
2016,35.75,9.77,467.6,64.73,21.84,26.36,-4.88,486.6,66.02,15.03
2017,36.99,9.8,423.35,59.85,22.58,25.25,-4.81,437.51,65.35,14.76
2018,36.73,10.2,571.69,65.5,21.77,24.85,-6.7,388.3,63.84,14.74
2019,34.31,9.74,675.49,74.74,21.85,22.79,-8.86,683.07,75.25,14.36
2020,35.42,8.72,428.96,64.34,22.62,22.8,-6.02,381.85,69.28,14.81
2021,36.23,11.0,409.1,63.93,21.86,25.89,-6.06,453.58,66.3,14.64
2022,38.95,10.21,371.42,55.24,22.53,26.29,-5.6,316.67,57.85,15.44
2023,38.34,10.6,425.79,57.54,22.31,24.95,-6.95,294.73,60.11,15.13
