Year,MaySep_Hottest_C,MaySep_Coldest_C,MaySep_Precip_total_mm,MaySep_RH_pct,MaySep_Solar_MJ_m2_day,OctJun_Hottest_C,OctJun_Coldest_C,OctJun_Precip_total_mm,OctJun_RH_pct,OctJun_Solar_MJ_m2_day,Corn_yield_kg_ha,Cotton_yield_kg_ha,Rice_yield_kg_ha,Soybeans_yield_kg_ha,Wheat_yield_kg_ha
1981,35.17,8.36,532.77,61.01,,,,,,,6838.0,1644.2,5401.5,2033.1,2322.9
1982,34.32,8.68,508.65,68.29,,22.96,-8.44,548.93,68.63,,7108.2,1753.7,5279.1,2121.3,2385.9
1983,37.76,8.25,401.41,56.35,,22.79,-6.29,464.39,71.08,,5089.3,1507.5,5153.2,1759.4,2650.9
1984,36.41,8.04,248.79,57.31,21.63,21.61,-8.41,556.26,73.83,,6698.1,1785.1,5552.3,1893.0,2607.3
1985,36.98,7.14,481.22,62.35,21.19,23.9,-6.98,471.76,67.24,14.53,7407.4,1863.2,6070.4,2292.3,2519.7
1986,35.44,10.21,436.97,63.18,21.42,24.63,-6.89,368.21,67.5,14.53,7493.0,1624.5,6334.0,2241.1,2316.7
1987,35.27,9.19,443.1,68.2,22.09,22.53,-6.2,665.91,72.08,14.36,7522.5,2081.2,6227.1,2279.4,2533.0
1988,38.53,9.51,338.72,51.62,22.22,26.35,-6.11,279.89,61.61,15.12,5310.9,1831.2,6180.1,1815.5,2291.3
1989,37.79,6.65,502.98,60.28,21.27,27.34,-6.93,312.72,57.27,14.77,7297.8,1786.8,6446.6,2178.3,2202.4
1990,38.62,7.36,463.43,58.6,22.18,25.98,-7.26,406.34,61.32,14.62,7438.0,1851.2,6197.5,2292.0,2656.7
1991,38.5,9.27,332.36,55.44,21.64,25.96,-5.14,356.98,61.79,14.72,6817.1,1929.1,6423.1,2302.9,2303.8
1992,33.1,7.94,507.89,64.9,20.75,24.68,-6.95,450.66,66.87,13.89,8252.6,2036.1,6429.4,2529.5,2643.3
1993,32.45,8.17,809.56,75.56,20.22,20.7,-6.94,581.75,75.99,13.09,6321.0,1791.2,6176.3,2194.1,2569.9
1994,35.39,8.23,347.51,63.92,22.62,23.92,-7.98,349.46,72.31,14.69,8699.6,2073.5,6685.1,2781.3,2527.0
1995,33.98,6.48,485.88,66.51,20.58,23.23,-6.09,552.83,70.28,13.46,7122.8,1560.7,6300.7,2375.9,2406.5
1996,35.54,8.6,583.85,65.97,20.43,25.71,-8.58,362.29,62.15,14.59,7977.3,2068.9,6859.3,2526.9,2438.9
1997,36.29,9.38,371.23,60.38,22.04,24.28,-6.86,379.2,66.81,14.81,7952.1,1913.7,6609.9,2616.4,2657.4
1998,38.86,10.73,376.68,60.61,22.24,24.36,-6.47,482.43,71.14,14.49,8438.2,1826.5,6347.3,2616.9,2903.4
1999,35.01,8.8,440.9,62.3,21.35,23.77,-4.07,525.67,68.29,13.91,8397.7,1740.9,6575.3,2463.4,2872.6
2000,39.33,9.09,299.5,51.12,22.58,25.38,-3.26,332.52,59.87,15.08,8591.1,1813.8,7039.7,2561.4,2823.8
2001,37.04,9.41,507.51,60.19,22.51,23.55,-7.72,534.25,68.27,14.3,8673.3,1998.0,7280.7,2663.9,2701.8
2002,38.69,10.09,301.74,52.99,22.41,25.77,-6.4,314.43,60.9,15.11,8118.0,1862.0,7373.0,2556.7,2356.7
2003,36.28,9.73,374.88,55.87,22.51,25.63,-6.13,471.56,65.91,14.3,8924.6,2062.8,7475.9,2276.9,2971.2
2004,36.32,8.43,450.21,60.34,22.21,24.51,-6.17,393.0,64.97,14.8,10063.7,2373.1,7832.8,2840.5,2902.6
2005,37.8,7.33,482.86,61.88,22.73,24.44,-5.97,473.23,67.9,14.44,9285.2,2305.2,7424.5,2896.1,2823.1
2006,38.25,10.24,463.51,57.23,22.49,27.11,-5.3,388.13,61.42,15.43,9357.7,2261.9,7731.3,2881.7,2598.6
2007,33.52,10.46,575.09,69.61,21.82,24.74,-6.23,585.52,70.55,14.32,9458.5,2393.3,8091.7,2806.7,2704.6
2008,34.08,9.04,580.57,67.67,21.72,23.82,-5.81,563.08,68.68,15.1,9620.9,2184.6,7673.1,2671.8,3017.5
2009,33.55,8.48,394.41,65.65,21.68,23.47,-6.91,470.56,69.82,14.74,10318.1,2106.2,7941.3,2959.5,2989.7
2010,34.85,10.24,573.11,67.17,22.35,21.58,-6.2,621.63,73.6,14.06,9575.7,2188.1,7537.5,2924.3,3116.7
2011,38.38,10.68,573.94,62.98,22.59,26.01,-6.41,446.71,66.16,14.62,9214.6,2544.8,7920.9,2823.2,2942.2
2012,40.6,9.79,228.6,47.91,23.8,27.22,-4.42,362.3,60.81,15.55,7727.0,2725.1,8365.1,2686.7,3115.4
2013,39.81,8.56,391.89,59.03,21.55,26.29,-6.58,358.1,61.97,14.95,9925.6,2497.7,8623.2,2961.5,3167.3
2014,36.6,8.14,499.59,62.01,22.53,24.42,-8.53,412.18,61.84,15.06,10732.6,2588.6,8491.9,3197.7,2937.8
2015,36.31,9.73,512.5,65.13,21.54,25.54,-6.68,416.26,63.93,14.72,10572.3,2591.7,8372.2,3228.9,2929.9
2016,35.75,9.77,467.6,64.73,21.84,26.36,-4.88,486.6,66.02,15.03,11743.3,2620.6,8112.1,3493.6,3540.8
2017,36.99,9.8,423.35,59.85,22.58,25.25,-4.81,437.51,65.35,14.76,11083.7,2671.3,8414.7,3313.3,3117.5
2018,36.73,10.2,571.69,65.5,21.77,24.85,-6.7,388.3,63.84,14.74,11074.6,2687.2,8621.3,3399.7,3200.5
2019,34.31,9.74,675.49,74.74,21.85,22.79,-8.86,683.07,75.25,14.36,10510.4,2712.8,8375.9,3187.5,3474.6
2020,35.42,8.72,428.96,64.34,22.62,22.8,-6.02,381.85,69.28,14.81,10760.5,2744.4,8540.1,3432.7,3341.7
2021,36.23,11.0,409.1,63.93,21.86,25.89,-6.06,453.58,66.3,14.64,11091.2,2777.7,8641.6,3478.6,2980.5
2022,38.95,10.21,371.42,55.24,22.53,26.29,-5.6,316.67,57.85,15.44,10886.3,2802.4,8277.8,3332.6,3126.5
2023,38.34,10.6,425.79,57.54,22.31,24.95,-6.95,294.73,60.11,15.13,11130.6,2831.2,8572.8,3402.2,3269.4
