Crop,Variable,r,p_value,q_FDR
Corn,Hottest temp,-0.325,0.033,0.111
Corn,Coldest temp,-0.091,0.563,0.866
Corn,Rainfall,0.105,0.501,0.835
Corn,Humidity,0.33,0.031,0.111
Soybeans,Hottest temp,-0.251,0.105,0.3
Soybeans,Coldest temp,-0.118,0.452,0.835
Soybeans,Rainfall,0.129,0.41,0.835
Soybeans,Humidity,0.362,0.017,0.086
Rice,Hottest temp,0.118,0.45,0.835
Rice,Coldest temp,-0.019,0.905,0.971
Rice,Rainfall,-0.079,0.613,0.875
Rice,Humidity,-0.114,0.466,0.835
Cotton,Hottest temp,0.061,0.699,0.928
Cotton,Coldest temp,-0.015,0.922,0.971
Cotton,Rainfall,-0.0,1.0,1.0
Cotton,Humidity,0.052,0.742,0.928
Wheat,Hottest temp,-0.412,0.007,0.045
Wheat,Coldest temp,0.023,0.887,0.971
Wheat,Rainfall,0.429,0.005,0.045
Wheat,Humidity,0.447,0.003,0.045
