Crop,Model,R2_mean,R2_sd,RMSE_mean,RMSE_sd,MAE_mean,MAE_sd
Corn,Gradient Boosting,-0.299,0.125,10.058,0.481,7.638,0.452
Corn,Linear Regression,-0.195,0.136,9.64,0.542,7.158,0.343
Corn,Random Forest,-0.002,0.075,8.838,0.33,6.61,0.315
Soybeans,Gradient Boosting,-0.177,0.139,7.288,0.427,5.813,0.375
Soybeans,Linear Regression,-0.064,0.101,6.936,0.321,5.677,0.232
Soybeans,Random Forest,0.035,0.098,6.603,0.331,5.189,0.267
Rice,Gradient Boosting,-0.769,0.242,5.239,0.357,4.257,0.358
Rice,Linear Regression,-0.28,0.099,4.464,0.172,3.604,0.144
Rice,Random Forest,-0.329,0.114,4.548,0.192,3.763,0.194
Cotton,Gradient Boosting,-0.685,0.154,10.518,0.483,8.328,0.496
Cotton,Linear Regression,-0.288,0.097,9.198,0.341,7.088,0.312
Cotton,Random Forest,-0.335,0.1,9.365,0.351,7.394,0.344
Wheat,Gradient Boosting,-0.374,0.125,7.631,0.352,6.596,0.413
Wheat,Linear Regression,0.017,0.066,6.457,0.214,5.209,0.174
Wheat,Random Forest,-0.108,0.086,6.854,0.27,5.788,0.237
