Crop,Model,Repeat,R2,RMSE,MAE
Corn,Linear Regression,0,-0.13424780751567789,9.407374576090021,6.870445599981356
Corn,Linear Regression,1,-0.02270793359183476,8.932854806021831,6.786816454919301
Corn,Linear Regression,2,-0.026995753465929972,8.951561226584417,6.4237526866381565
Corn,Linear Regression,3,-0.14619907886693273,9.456806223227431,7.1675532400043105
Corn,Linear Regression,4,-0.26673775059529703,9.941635113359238,7.293495155987246
Corn,Linear Regression,5,-0.15526109165086877,9.494116051083521,7.239381294382705
Corn,Linear Regression,6,-0.3071249882931131,10.098875568174547,7.298563240357348
Corn,Linear Regression,7,-0.09730885244281251,9.252922059889157,6.983636241434664
Corn,Linear Regression,8,-0.20133509974814423,9.681586848692884,7.321405490115185
Corn,Linear Regression,9,-0.12667035237637347,9.375898468049545,6.855797314090732
Corn,Linear Regression,10,-0.5113630666796629,10.85922583638244,7.788771456255734
Corn,Linear Regression,11,-0.10061078097673004,9.266833156037007,6.940890257822083
Corn,Linear Regression,12,-0.3139870299484626,10.125349009280184,7.51012719573202
Corn,Linear Regression,13,-0.08916637830503116,9.218527930200379,6.997142793062432
Corn,Linear Regression,14,-0.3072839677753978,10.09948968893922,7.611845595365026
Corn,Linear Regression,15,-0.020416484997879625,8.922841851476809,6.880739185240358
Corn,Linear Regression,16,-0.07776910224756794,9.170168737320804,6.799854396076238
Corn,Linear Regression,17,-0.39488776910261003,10.432396762394122,7.433884541656447
Corn,Linear Regression,18,-0.3068566933291337,10.09783908867591,7.517935681666033
Corn,Linear Regression,19,-0.28639903420492097,10.018491066090572,7.432765625712759
Corn,Random Forest,0,-6.546068868718002e-05,8.833415861120539,6.728907075524235
Corn,Random Forest,1,0.08043443970551922,8.470436896762406,6.302009720611676
Corn,Random Forest,2,0.013643969004707657,8.772660341919956,6.82812224310845
Corn,Random Forest,3,-0.045987647562854894,9.03395120499621,6.849290372206721
Corn,Random Forest,4,0.05467425882082877,8.588260410551237,6.293371160837986
Corn,Random Forest,5,-0.009116666410871277,8.87329973638287,6.449234935618614
Corn,Random Forest,6,0.0143018632368892,8.769734194987917,6.617064325757943
Corn,Random Forest,7,0.09697834190472598,8.393895262325094,6.128587468746274
Corn,Random Forest,8,-0.17554063344283688,9.577083750355296,7.493759874687547
Corn,Random Forest,9,-0.022348195486711298,8.931283599428044,6.670074573582586
Corn,Random Forest,10,-0.15361301914548875,9.487341575536128,6.952110917238926
Corn,Random Forest,11,-0.01340315983156648,8.892125624626782,6.586740804627977
Corn,Random Forest,12,0.11759994794766682,8.297499312444327,5.986891917016335
Corn,Random Forest,13,-0.014419680389574419,8.896584246470303,6.571716744461474
Corn,Random Forest,14,0.01732761104807201,8.756263844553292,6.5762404093645435
Corn,Random Forest,15,0.0906083110398821,8.423449043005911,6.595311554984619
Corn,Random Forest,16,0.021689413055274276,8.736808954999896,6.717504903704055
Corn,Random Forest,17,-0.04256310652505735,9.019150599977792,6.53191635991841
Corn,Random Forest,18,-0.0836911397741904,9.19532797057763,6.698030161688153
Corn,Random Forest,19,0.005892420507123242,8.807064056137115,6.6291134467965716
Corn,Gradient Boosting,0,-0.4749695139642487,10.727684304665507,8.28795837786119
Corn,Gradient Boosting,1,-0.1721543697895087,9.56327992331617,7.166718425095738
Corn,Gradient Boosting,2,-0.1790641363198613,9.591425931618774,7.171383643486831
Corn,Gradient Boosting,3,-0.36057683126893214,10.30329176494948,8.161000548459524
Corn,Gradient Boosting,4,-0.1959944903505071,9.66004283200353,7.406245040339837
Corn,Gradient Boosting,5,-0.2688345433595334,9.949859755531916,7.253867602129863
Corn,Gradient Boosting,6,-0.2610517552650673,9.919297550645032,7.399396028558808
Corn,Gradient Boosting,7,-0.3413585074227594,10.230265305890903,7.57595974310548
Corn,Gradient Boosting,8,-0.5191006216915226,10.886987726191208,8.636976202901142
Corn,Gradient Boosting,9,-0.34186711604196107,10.232204648708654,7.668324246736374
Corn,Gradient Boosting,10,-0.4919396157795719,10.78922091446969,8.358180200951788
Corn,Gradient Boosting,11,-0.28894810058000897,10.028412233406426,7.291756556089391
Corn,Gradient Boosting,12,-0.09184198429468715,9.22984393285178,6.978056774886284
Corn,Gradient Boosting,13,-0.3063336348139185,10.095818098406452,7.81180499432455
Corn,Gradient Boosting,14,-0.16109688573207892,9.518065577487192,7.55164363967154
Corn,Gradient Boosting,15,-0.16840910981110224,9.547989434785272,7.414456132075405
Corn,Gradient Boosting,16,-0.21118465808025055,9.721194736832224,7.434725843205217
Corn,Gradient Boosting,17,-0.49283655738238297,10.792463621800712,8.096717442497802
Corn,Gradient Boosting,18,-0.3607236629257582,10.30384770877855,7.723055146575381
Corn,Gradient Boosting,19,-0.2969563235415267,10.059517212005675,7.378182157010758
Soybeans,Linear Regression,0,-0.06507041183327211,6.945366890160105,5.7082346427602975
Soybeans,Linear Regression,1,-0.07181262962979162,6.96731534625358,5.618793498363188
Soybeans,Linear Regression,2,0.030676012114860263,6.625833412045678,5.463748012189118
Soybeans,Linear Regression,3,0.005547319165609688,6.711167740620427,5.52759677917688
Soybeans,Linear Regression,4,-0.02441782369858858,6.811528772058852,5.516468167181808
Soybeans,Linear Regression,5,-0.07779517399257352,6.986733045392653,5.798491857755218
Soybeans,Linear Regression,6,-0.08164121663806756,6.999187797681176,5.728123383365276
Soybeans,Linear Regression,7,-0.11671031152375244,7.111746956308246,5.814149476068723
Soybeans,Linear Regression,8,0.024241429233298084,6.647788895676749,5.443441214510352
Soybeans,Linear Regression,9,0.042517840966124876,6.585236513767603,5.3613570917625815
Soybeans,Linear Regression,10,-0.1810279851759624,7.313682900401181,5.993213249374361
Soybeans,Linear Regression,11,-0.06217909777201758,6.935933296034977,5.774904955524078
Soybeans,Linear Regression,12,-0.05799829883211327,6.92226971842891,5.70923588152033
Soybeans,Linear Regression,13,0.01837820660621514,6.667731886651097,5.411144998510433
Soybeans,Linear Regression,14,-0.23986523274094806,7.493647729789244,6.039838332576704
Soybeans,Linear Regression,15,-0.03414810107042632,6.843801455501243,5.678611040454671
Soybeans,Linear Regression,16,0.05274873967596927,6.5499597054799255,5.431282553376947
Soybeans,Linear Regression,17,-0.3595470294506724,7.846990919300298,6.250397349130926
Soybeans,Linear Regression,18,-0.005905995668733288,6.749704046107979,5.507290740298429
Soybeans,Linear Regression,19,-0.0827647097439217,7.002821857767573,5.754991058186947
Soybeans,Random Forest,0,-0.17861295244868658,7.306201357841925,5.7418416901027705
Soybeans,Random Forest,1,-0.013370599394715077,6.774701779271416,5.204153889180055
Soybeans,Random Forest,2,-0.011408812181527894,6.76814101963597,5.391407297728439
Soybeans,Random Forest,3,-0.08651645731088231,7.014943651329535,5.358177650945303
Soybeans,Random Forest,4,0.10955694038199226,6.35051738104417,5.052856357956724
Soybeans,Random Forest,5,0.08973299259667711,6.420819086887426,4.880274487480766
Soybeans,Random Forest,6,0.14919194893745513,6.2075728907334495,4.975042691746559
Soybeans,Random Forest,7,0.04013806235242212,6.59341508885341,5.199502093595362
Soybeans,Random Forest,8,0.021692971147035056,6.656464486336812,5.329499845628443
Soybeans,Random Forest,9,0.08836711003615194,6.425634595560641,4.962680508232032
Soybeans,Random Forest,10,0.030817738752112023,6.6253490067136935,5.36678915892256
Soybeans,Random Forest,11,0.07664341556613319,6.466819774156221,5.139835135516056
Soybeans,Random Forest,12,-0.17353649215762457,7.29044993373036,5.7036931058281946
Soybeans,Random Forest,13,0.07620319607124237,6.46836115099312,5.143753747532197
Soybeans,Random Forest,14,0.07051528765133297,6.488243763289629,5.151603666805477
Soybeans,Random Forest,15,-0.021681513828911703,6.802425593716281,5.333904296544155
Soybeans,Random Forest,16,0.15634329315683304,6.181429409702042,4.7509051868105665
Soybeans,Random Forest,17,0.08784172689875203,6.427485907556268,4.99478760614349
Soybeans,Random Forest,18,0.18810009358872415,6.063973267209213,4.768989944504704
Soybeans,Random Forest,19,-0.0013831857412793802,6.7345127553901065,5.338883175684909
Soybeans,Gradient Boosting,0,-0.3931952703942654,7.943502345443906,6.3714411621336495
Soybeans,Gradient Boosting,1,-0.14546062700087736,7.202713084218722,5.6407631318935305
Soybeans,Gradient Boosting,2,-0.16188255931208784,7.254160308081078,5.927257218245978
Soybeans,Gradient Boosting,3,-0.4351347425456722,8.062177796552435,6.150042646581994
Soybeans,Gradient Boosting,4,-0.08305656953770879,7.003765601322302,5.578966401115139
Soybeans,Gradient Boosting,5,-0.18903557955008066,7.338435095703956,5.776216356601025
Soybeans,Gradient Boosting,6,-0.11152657971432856,7.095221510945608,5.650373895072762
Soybeans,Gradient Boosting,7,-0.11166248884478214,7.095655272912403,5.533011138849633
Soybeans,Gradient Boosting,8,-0.2111868024069956,7.406475615725805,5.803313416906307
Soybeans,Gradient Boosting,9,-0.0859071447380253,7.012976404191154,5.6529324471494595
Soybeans,Gradient Boosting,10,-0.14282647806382287,7.1944264880174496,5.956250141254896
Soybeans,Gradient Boosting,11,-0.12658996575503,7.143136870454779,5.730369628653725
Soybeans,Gradient Boosting,12,-0.4313458707092326,8.05152836221998,6.366682163237605
Soybeans,Gradient Boosting,13,-0.264698203840932,7.568319945250961,6.159946660206003
Soybeans,Gradient Boosting,14,-0.07151289899818591,6.966341079021291,5.741305226959221
Soybeans,Gradient Boosting,15,-0.11683608348148411,7.11214743311261,5.552113466101807
Soybeans,Gradient Boosting,16,0.02269512246577965,6.653054261486706,5.1403487150246745
Soybeans,Gradient Boosting,17,-0.15697770243178666,7.238832490332089,5.773170142479558
Soybeans,Gradient Boosting,18,0.060103551606314976,6.524481989965542,5.16282333159869
Soybeans,Gradient Boosting,19,-0.37551662776391637,7.8929427859912265,6.595684760217025
Rice,Linear Regression,0,-0.10393705053354596,4.148444280534858,3.4136769261888196
Rice,Linear Regression,1,-0.15712947514690412,4.247213421404919,3.4370132862793352
Rice,Linear Regression,2,-0.2500295025628869,4.414415805654272,3.59407533929931
Rice,Linear Regression,3,-0.3075314644704412,4.514806907397999,3.6214945042513333
Rice,Linear Regression,4,-0.11045453683900974,4.1606721697359195,3.334994870368475
Rice,Linear Regression,5,-0.2795283229288481,4.466198880515485,3.5752443681518575
Rice,Linear Regression,6,-0.20250595476816424,4.3296892205587705,3.4559260439485686
Rice,Linear Regression,7,-0.22661420935411725,4.3728753940994824,3.4613660549566525
Rice,Linear Regression,8,-0.4539120821063294,4.760824578109639,3.816395621661496
Rice,Linear Regression,9,-0.26146866496787236,4.434568217402402,3.558849895182008
Rice,Linear Regression,10,-0.24818281218398175,4.411153853755988,3.570305944132184
Rice,Linear Regression,11,-0.21337033586944631,4.349204144014821,3.48683708425684
Rice,Linear Regression,12,-0.35366773531680096,4.59376892247994,3.7003825091186897
Rice,Linear Regression,13,-0.44803020540455063,4.7511847372894955,3.820220527024043
Rice,Linear Regression,14,-0.3738737862053081,4.627927269414442,3.7565296660273764
Rice,Linear Regression,15,-0.3044414415080461,4.509468944417235,3.6437717835272037
Rice,Linear Regression,16,-0.39823329824860765,4.668774807264285,3.846170220168594
Rice,Linear Regression,17,-0.33710125624212983,4.565572619037885,3.705243753821903
Rice,Linear Regression,18,-0.3221148525146327,4.539914758242428,3.6701145589030975
Rice,Linear Regression,19,-0.2447420045317401,4.405069646256712,3.614062110825553
Rice,Random Forest,0,-0.1653136604167016,4.26220687536563,3.5833103025531674
Rice,Random Forest,1,-0.2474239887993297,4.409812785941637,3.631036178229945
Rice,Random Forest,2,-0.2585472567796838,4.429430280322662,3.593384113758781
Rice,Random Forest,3,-0.374429693198135,4.628863467835245,3.873321156715946
Rice,Random Forest,4,-0.17281999306595508,4.2759122783073735,3.509233767253299
Rice,Random Forest,5,-0.2996580123203394,4.501193165926163,3.758634422778283
Rice,Random Forest,6,-0.26272741311934067,4.436780168005671,3.568189233338674
Rice,Random Forest,7,-0.2983449426208462,4.4989187699314925,3.672112720755285
Rice,Random Forest,8,-0.3997615382600581,4.6713255475214615,3.924030974644624
Rice,Random Forest,9,-0.3276220651257611,4.54936034210085,3.664720664937333
Rice,Random Forest,10,-0.3141521673583958,4.526222866716007,3.8773844377927427
Rice,Random Forest,11,-0.36622231632353186,4.6150221951641015,3.795966080959469
Rice,Random Forest,12,-0.6563656341441695,5.081491602272077,4.211290056661355
Rice,Random Forest,13,-0.35751137763717655,4.600286137944214,3.6147163332369874
Rice,Random Forest,14,-0.513728201203338,4.857771220089145,4.180308729447078
Rice,Random Forest,15,-0.2255679462000184,4.371010033986918,3.6368649745711417
Rice,Random Forest,16,-0.3225851230243719,4.540722100435785,3.795828223020216
Rice,Random Forest,17,-0.3802598771353347,4.638670650765174,3.775841705478329
Rice,Random Forest,18,-0.407309115228059,4.683902614674659,3.950106609730122
Rice,Random Forest,19,-0.23456887333625875,4.387031654874574,3.651419967139572
Rice,Gradient Boosting,0,-0.3784526210947796,4.635632812866939,3.8562391477409963
Rice,Gradient Boosting,1,-0.862941179775311,5.38905576884265,4.374880668605563
Rice,Gradient Boosting,2,-0.6513289542176401,5.073759815185028,3.987747622835044
Rice,Gradient Boosting,3,-0.7046937161185638,5.155090413915058,4.073343072426419
Rice,Gradient Boosting,4,-0.4269958021996785,4.716550125799627,3.680750745856478
Rice,Gradient Boosting,5,-0.6157732802101674,5.01883961747279,4.026293443295812
Rice,Gradient Boosting,6,-0.5772096811333622,4.95858570024943,4.144623516836822
Rice,Gradient Boosting,7,-0.8010527167046504,5.298785252722262,4.423369991986436
Rice,Gradient Boosting,8,-1.1836566708897283,5.834522042312758,4.729499797582753
Rice,Gradient Boosting,9,-0.7549685318678505,5.2305550026829,4.154861919024447
Rice,Gradient Boosting,10,-0.7677973605727917,5.249637883749156,4.290990631400982
Rice,Gradient Boosting,11,-0.8115193423092222,5.3141596109007265,4.363700334185313
Rice,Gradient Boosting,12,-1.1909211905349308,5.8442190353905135,4.75356092631665
Rice,Gradient Boosting,13,-0.7115439862275568,5.165437831655982,4.066402650502972
Rice,Gradient Boosting,14,-1.1822043037626209,5.832581426462437,5.060204561238155
Rice,Gradient Boosting,15,-0.7469109998730747,5.21853374701302,3.99204224393908
Rice,Gradient Boosting,16,-0.724762595076663,5.185346339550411,4.381783389909519
Rice,Gradient Boosting,17,-0.7785651677833412,5.265601611613293,4.292038291034939
Rice,Gradient Boosting,18,-1.0864088564036871,5.703124013177959,4.731153021650498
Rice,Gradient Boosting,19,-0.41276831419226534,4.692978661306145,3.7662866690056767
Cotton,Linear Regression,0,-0.3016189585439919,9.253211817908934,7.191685886289193
Cotton,Linear Regression,1,-0.3220538220292588,9.325564689499975,6.847967835779671
Cotton,Linear Regression,2,-0.21340616235622667,8.934158832216815,6.759643911553557
Cotton,Linear Regression,3,-0.2835675595491871,9.188824083413515,7.0260163595520835
Cotton,Linear Regression,4,-0.26609316561236485,9.126061754836508,7.1081916435469665
Cotton,Linear Regression,5,-0.3315042679887432,9.358836333850851,7.1914885664998325
Cotton,Linear Regression,6,-0.13072464380150906,8.62440216289705,6.697417930900877
Cotton,Linear Regression,7,-0.20708359999087178,8.91085231175983,6.702576477403073
Cotton,Linear Regression,8,-0.21344009894790283,8.934283766797563,6.744684618005298
Cotton,Linear Regression,9,-0.2998305870545752,9.246852864648522,7.328685664170276
Cotton,Linear Regression,10,-0.33317275470190455,9.364698202173498,7.3576019610226595
Cotton,Linear Regression,11,-0.24280016808858007,9.041723514716473,7.160162576817856
Cotton,Linear Regression,12,-0.3981629606991064,9.590239817701645,7.166142110565363
Cotton,Linear Regression,13,-0.23679146964277287,9.019839539241964,6.829571107658071
Cotton,Linear Regression,14,-0.5534521672738684,10.1087978926769,7.918525624657352
Cotton,Linear Regression,15,-0.30470886206916115,9.264188372695724,7.140716418707352
Cotton,Linear Regression,16,-0.37679596589740005,9.516677745161195,7.234748719874322
Cotton,Linear Regression,17,-0.17646049657604457,8.797094261469416,6.80037504357458
Cotton,Linear Regression,18,-0.38564015482828684,9.547195179518164,7.564765617096699
Cotton,Linear Regression,19,-0.18044063646770936,8.81196263222588,6.9806141616637545
Cotton,Random Forest,0,-0.4492931846985875,9.764020801923882,7.65937002984796
Cotton,Random Forest,1,-0.27744662064954606,9.1668885633196,6.929910257955499
Cotton,Random Forest,2,-0.19509842685665135,8.866503878668645,6.92441071037601
Cotton,Random Forest,3,-0.3727661383275893,9.502740068447373,7.380850773550251
Cotton,Random Forest,4,-0.24302460868611764,9.04253991234349,7.090345467951677
Cotton,Random Forest,5,-0.2551782452403992,9.086638964282892,7.164060659372608
Cotton,Random Forest,6,-0.3931993781635261,9.573201650126926,7.715940690532543
Cotton,Random Forest,7,-0.333506387519624,9.365869908987026,7.520562903386884
Cotton,Random Forest,8,-0.29627954252510125,9.234213354666693,7.083974984165468
Cotton,Random Forest,9,-0.2092982360404596,8.91902293533123,7.136551537920541
Cotton,Random Forest,10,-0.4259374531200688,9.685026405160789,7.851047719838568
Cotton,Random Forest,11,-0.36702318570549286,9.482841929432254,7.4317027353686
Cotton,Random Forest,12,-0.15693497524059463,8.723786857928076,6.7793937872642935
Cotton,Random Forest,13,-0.5190963770245238,9.996391004072224,7.9391558400818045
Cotton,Random Forest,14,-0.3240464780781511,9.332589988210158,7.401341990550981
Cotton,Random Forest,15,-0.32332278923896607,9.330039165994345,7.636580688629459
Cotton,Random Forest,16,-0.43032028403855715,9.69989917033032,7.688552825959369
Cotton,Random Forest,17,-0.24729671546332788,9.058065574737904,7.133133476258149
Cotton,Random Forest,18,-0.47092547256667583,9.836620250184389,7.782991810025541
Cotton,Random Forest,19,-0.4102323647484343,9.63154392893286,7.63694574967022
Cotton,Gradient Boosting,0,-0.8497917370200827,11.030926442435813,8.265351544528109
Cotton,Gradient Boosting,1,-0.49173921327315884,9.905970358237342,7.528151566304508
Cotton,Gradient Boosting,2,-0.5614366705712259,10.134743423370935,7.868902874906247
Cotton,Gradient Boosting,3,-0.3983737345157541,9.59096265736011,7.400506449122352
Cotton,Gradient Boosting,4,-0.7163414181095402,10.625574299424217,8.427554683768603
Cotton,Gradient Boosting,5,-0.4755405568351625,9.852039548918905,7.705694768735432
Cotton,Gradient Boosting,6,-0.656983019065585,10.440218786725133,8.542580365426204
Cotton,Gradient Boosting,7,-0.8386075631166556,10.997528399538545,8.809713956438712
Cotton,Gradient Boosting,8,-0.5947753594937166,10.242366911048508,8.049577451820753
Cotton,Gradient Boosting,9,-0.6192468826700563,10.320651321148999,8.135493513348234
Cotton,Gradient Boosting,10,-0.7290658540546155,10.664888963613192,8.476181618320995
Cotton,Gradient Boosting,11,-0.7912547371963905,10.854985483458279,8.79423342423333
Cotton,Gradient Boosting,12,-0.6191903363759896,10.320471114015092,8.06307203990236
Cotton,Gradient Boosting,13,-0.8417845491581157,11.007025780846023,8.56939702164716
Cotton,Gradient Boosting,14,-0.47488683053391245,9.84985687394623,7.727608816629132
Cotton,Gradient Boosting,15,-0.7133518152820564,10.616316207859844,8.808619328710275
Cotton,Gradient Boosting,16,-0.7893530354024783,10.849221806525362,8.911820684825255
Cotton,Gradient Boosting,17,-0.7143728195464398,10.619478923681223,8.740354315702664
Cotton,Gradient Boosting,18,-0.8685397206000252,11.086685762253834,8.623149836385268
Cotton,Gradient Boosting,19,-0.9551188480776676,11.340629240539705,9.108896505517965
Wheat,Linear Regression,0,0.09832939166144739,6.187382539991715,5.026614178539541
Wheat,Linear Regression,1,-0.09818778673760709,6.828437136302847,5.445381668204407
Wheat,Linear Regression,2,-0.012237060445450698,6.555776327909315,5.2315382019877505
Wheat,Linear Regression,3,-0.07959234933247816,6.770377895391417,5.476468984056554
Wheat,Linear Regression,4,-0.0350088137070077,6.629107089770119,5.49094331455945
Wheat,Linear Regression,5,0.005066140170121192,6.499502518880131,5.288845702081629
Wheat,Linear Regression,6,0.06043221746739891,6.3160719564906875,5.0639264333284455
Wheat,Linear Regression,7,-0.07982877912054653,6.771119208250163,5.4534538664516194
Wheat,Linear Regression,8,0.07841065633355371,6.2553517084905845,5.073439090405545
Wheat,Linear Regression,9,0.07337329060390407,6.272424145950324,5.01576462692167
Wheat,Linear Regression,10,0.03054372637744107,6.415745434094986,5.282726918732595
Wheat,Linear Regression,11,0.07872982003411522,6.254268441795939,4.98309683707469
Wheat,Linear Regression,12,0.08793534510160772,6.222943011057653,5.0945231638694715
Wheat,Linear Regression,13,0.03576190137021662,6.398455508240203,5.217878390235959
Wheat,Linear Regression,14,-0.015199965897963796,6.565363979316391,5.16968970687321
Wheat,Linear Regression,15,0.049322349834261425,6.353304240116487,5.154162435486919
Wheat,Linear Regression,16,0.07208357168588331,6.276787743002133,5.037380902962419
Wheat,Linear Regression,17,-0.09424136402298644,6.816156835436412,5.46357241410618
Wheat,Linear Regression,18,0.07576595463425173,6.26432082666806,5.072520459177429
Wheat,Linear Regression,19,0.008144057554457573,6.489441333738738,5.136992570822095
Wheat,Random Forest,0,0.08297138604448429,6.239854376632966,5.260402247800245
Wheat,Random Forest,1,-0.12353689348775632,6.906796810386142,5.813924522783207
Wheat,Random Forest,2,-0.14155099833919982,6.961946313470222,5.840237097478472
Wheat,Random Forest,3,-0.07915059005186431,6.768992565413441,5.712185582166468
Wheat,Random Forest,4,-0.18194001397970672,7.084035496801159,5.831179101057115
Wheat,Random Forest,5,0.02887703656078011,6.421258042523397,5.4042687470425355
Wheat,Random Forest,6,-0.1509518810843944,6.990553991997129,5.838508734697582
Wheat,Random Forest,7,-0.15962167550489315,7.016833527064051,5.908104746814302
Wheat,Random Forest,8,-0.06162379037437282,6.713798952244276,5.702828925360483
Wheat,Random Forest,9,-0.14798900673653748,6.981550366240954,5.828560072969124
Wheat,Random Forest,10,-0.06317480200937386,6.71870152686481,5.759908855822592
Wheat,Random Forest,11,-0.1086365552294124,6.860845003760035,5.620949751395944
Wheat,Random Forest,12,-0.04630485585864075,6.66518381827293,5.689864057263235
Wheat,Random Forest,13,-0.08963606507491151,6.801798240244356,5.735106346947449
Wheat,Random Forest,14,-0.2482383004494606,7.280006430325946,6.265605444822766
Wheat,Random Forest,15,-0.08269446141710546,6.78009795572533,5.919080992339629
Wheat,Random Forest,16,-0.22381324588454632,7.208428342152912,6.209073621087028
Wheat,Random Forest,17,-0.2048995585019091,7.152509337741534,5.982858717213668
Wheat,Random Forest,18,0.0205844351563802,6.448615927453813,5.50808344092479
Wheat,Random Forest,19,-0.17683114299090374,7.068708738836195,5.934807376572856
Wheat,Gradient Boosting,0,-0.13943783691516498,6.955499588335806,5.828943401290086
Wheat,Gradient Boosting,1,-0.3772431215288543,7.646951167481669,6.555380669446824
Wheat,Gradient Boosting,2,-0.5325304550254417,8.066545126358792,6.9459384893969975
Wheat,Gradient Boosting,3,-0.41313834656147685,7.745961812048803,6.615943208952995
Wheat,Gradient Boosting,4,-0.38105192357470075,7.657517789164,6.434641735502548
Wheat,Gradient Boosting,5,-0.34883246787352196,7.567667051451566,6.455757344682122
Wheat,Gradient Boosting,6,-0.391042833310429,7.685166170943706,6.59118624048703
Wheat,Gradient Boosting,7,-0.530570576340238,8.061385520060833,7.179212571762763
Wheat,Gradient Boosting,8,-0.4059098120142155,7.726125205316599,6.711981168425421
Wheat,Gradient Boosting,9,-0.28854131358076995,7.396600876401946,6.144669956291615
Wheat,Gradient Boosting,10,-0.3615132598470423,7.603156825408529,6.91961459039727
Wheat,Gradient Boosting,11,-0.35240591972608737,7.577684902879656,6.324508193228861
Wheat,Gradient Boosting,12,-0.4087385465367801,7.733893902368815,6.724994338311764
Wheat,Gradient Boosting,13,-0.32883678911686487,7.5113644158697035,6.586940891539784
Wheat,Gradient Boosting,14,-0.4079213147081244,7.731650298977309,6.875528513126555
Wheat,Gradient Boosting,15,-0.30090769571729536,7.432009433699902,6.772656719681043
Wheat,Gradient Boosting,16,-0.6529265059182976,8.377410231209895,7.431269207654101
Wheat,Gradient Boosting,17,-0.36313413700995767,7.60768124612233,6.32257374198743
Wheat,Gradient Boosting,18,-0.07220073219186363,6.747160801159913,5.699827376604688
Wheat,Gradient Boosting,19,-0.42536544543503774,7.779400382702662,6.801201568158131
