Crop,Model,R2,RMSE_%,MAE_%
Corn,Linear Regression,-0.111,9.311,6.918
Corn,Random Forest,-0.035,8.985,6.659
Corn,Gradient Boosting,-0.355,10.283,7.74
Soybeans,Linear Regression,-0.009,6.759,5.56
Soybeans,Random Forest,0.065,6.507,5.212
Soybeans,Gradient Boosting,-0.158,7.242,5.745
Rice,Linear Regression,-0.27,4.449,3.619
Rice,Random Forest,-0.261,4.433,3.693
Rice,Gradient Boosting,-0.521,4.869,3.997
Cotton,Linear Regression,-0.269,9.135,7.029
Cotton,Random Forest,-0.329,9.352,7.453
Cotton,Gradient Boosting,-0.768,10.784,8.605
Wheat,Linear Regression,0.035,6.402,5.168
Wheat,Random Forest,-0.087,6.795,5.811
Wheat,Gradient Boosting,-0.348,7.565,6.721
