Domain Code,Domain,Area Code (M49),Area,Element Code,Element,Item Code (CPC),Item,Year Code,Year,Unit,Value,Flag,Flag Description,Note
QCL,Crops and livestock products,840,United States of America,5412,Yield,112.0,Maize (corn),1961,1961,kg/ha,3918.4,A,Official value,
QCL,Crops and livestock products,840,United States of America,5412,Yield,112.0,Maize (corn),1962,1962,kg/ha,4062.1,A,Official value,
QCL,Crops and livestock products,840,United States of America,5412,Yield,112.0,Maize (corn),1963,1963,kg/ha,4259.6,A,Official value,
QCL,Crops and livestock products,840,United States of America,5412,Yield,112.0,Maize (corn),1964,1964,kg/ha,3949.8,A,Official value,
QCL,Crops and livestock products,840,United States of America,5412,Yield,112.0,Maize (corn),1965,1965,kg/ha,4649.2,A,Official value,
QCL,Crops and livestock products,840,United States of America,5412,Yield,112.0,Maize (corn),1966,1966,kg/ha,4589.2,A,Official value,
QCL,Crops and livestock products,840,United States of America,5412,Yield,112.0,Maize (corn),1967,1967,kg/ha,5026.5,A,Official value,
QCL,Crops and livestock products,840,United States of America,5412,Yield,112.0,Maize (corn),1968,1968,kg/ha,4989.1,A,Official value,
QCL,Crops and livestock products,840,United States of America,5412,Yield,112.0,Maize (corn),1969,1969,kg/ha,5390.8,A,Official value,
QCL,Crops and livestock products,840,United States of America,5412,Yield,112.0,Maize (corn),1970,1970,kg/ha,4543.9,A,Official value,
QCL,Crops and livestock products,840,United States of America,5412,Yield,112.0,Maize (corn),1971,1971,kg/ha,5527.0,A,Official value,
QCL,Crops and livestock products,840,United States of America,5412,Yield,112.0,Maize (corn),1972,1972,kg/ha,6089.7,A,Official value,
QCL,Crops and livestock products,840,United States of America,5412,Yield,112.0,Maize (corn),1973,1973,kg/ha,5727.8,A,Official value,
QCL,Crops and livestock products,840,United States of America,5412,Yield,112.0,Maize (corn),1974,1974,kg/ha,4511.9,A,Official value,
QCL,Crops and livestock products,840,United States of America,5412,Yield,112.0,Maize (corn),1975,1975,kg/ha,5421.3,A,Official value,
QCL,Crops and livestock products,840,United States of America,5412,Yield,112.0,Maize (corn),1976,1976,kg/ha,5520.6,A,Official value,
QCL,Crops and livestock products,840,United States of America,5412,Yield,112.0,Maize (corn),1977,1977,kg/ha,5701.5,A,Official value,
QCL,Crops and livestock products,840,United States of America,5412,Yield,112.0,Maize (corn),1978,1978,kg/ha,6342.1,A,Official value,
QCL,Crops and livestock products,840,United States of America,5412,Yield,112.0,Maize (corn),1979,1979,kg/ha,6873.4,A,Official value,
QCL,Crops and livestock products,840,United States of America,5412,Yield,112.0,Maize (corn),1980,1980,kg/ha,5711.8,A,Official value,
QCL,Crops and livestock products,840,United States of America,5412,Yield,112.0,Maize (corn),1981,1981,kg/ha,6838.0,A,Official value,
QCL,Crops and livestock products,840,United States of America,5412,Yield,112.0,Maize (corn),1982,1982,kg/ha,7108.2,A,Official value,
QCL,Crops and livestock products,840,United States of America,5412,Yield,112.0,Maize (corn),1983,1983,kg/ha,5089.3,A,Official value,
QCL,Crops and livestock products,840,United States of America,5412,Yield,112.0,Maize (corn),1984,1984,kg/ha,6698.1,A,Official value,
QCL,Crops and livestock products,840,United States of America,5412,Yield,112.0,Maize (corn),1985,1985,kg/ha,7407.4,A,Official value,
QCL,Crops and livestock products,840,United States of America,5412,Yield,112.0,Maize (corn),1986,1986,kg/ha,7493.0,A,Official value,
QCL,Crops and livestock products,840,United States of America,5412,Yield,112.0,Maize (corn),1987,1987,kg/ha,7522.5,A,Official value,
QCL,Crops and livestock products,840,United States of America,5412,Yield,112.0,Maize (corn),1988,1988,kg/ha,5310.9,A,Official value,
QCL,Crops and livestock products,840,United States of America,5412,Yield,112.0,Maize (corn),1989,1989,kg/ha,7297.8,A,Official value,
QCL,Crops and livestock products,840,United States of America,5412,Yield,112.0,Maize (corn),1990,1990,kg/ha,7438.0,A,Official value,
QCL,Crops and livestock products,840,United States of America,5412,Yield,112.0,Maize (corn),1991,1991,kg/ha,6817.1,A,Official value,
QCL,Crops and livestock products,840,United States of America,5412,Yield,112.0,Maize (corn),1992,1992,kg/ha,8252.6,A,Official value,
QCL,Crops and livestock products,840,United States of America,5412,Yield,112.0,Maize (corn),1993,1993,kg/ha,6321.0,A,Official value,
QCL,Crops and livestock products,840,United States of America,5412,Yield,112.0,Maize (corn),1994,1994,kg/ha,8699.6,A,Official value,
QCL,Crops and livestock products,840,United States of America,5412,Yield,112.0,Maize (corn),1995,1995,kg/ha,7122.8,A,Official value,
QCL,Crops and livestock products,840,United States of America,5412,Yield,112.0,Maize (corn),1996,1996,kg/ha,7977.3,A,Official value,
QCL,Crops and livestock products,840,United States of America,5412,Yield,112.0,Maize (corn),1997,1997,kg/ha,7952.1,A,Official value,
QCL,Crops and livestock products,840,United States of America,5412,Yield,112.0,Maize (corn),1998,1998,kg/ha,8438.2,A,Official value,
QCL,Crops and livestock products,840,United States of America,5412,Yield,112.0,Maize (corn),1999,1999,kg/ha,8397.7,A,Official value,
QCL,Crops and livestock products,840,United States of America,5412,Yield,112.0,Maize (corn),2000,2000,kg/ha,8591.1,A,Official value,
QCL,Crops and livestock products,840,United States of America,5412,Yield,112.0,Maize (corn),2001,2001,kg/ha,8673.3,A,Official value,
QCL,Crops and livestock products,840,United States of America,5412,Yield,112.0,Maize (corn),2002,2002,kg/ha,8118.0,A,Official value,
QCL,Crops and livestock products,840,United States of America,5412,Yield,112.0,Maize (corn),2003,2003,kg/ha,8924.6,A,Official value,
QCL,Crops and livestock products,840,United States of America,5412,Yield,112.0,Maize (corn),2004,2004,kg/ha,10063.7,A,Official value,
QCL,Crops and livestock products,840,United States of America,5412,Yield,112.0,Maize (corn),2005,2005,kg/ha,9285.2,A,Official value,
QCL,Crops and livestock products,840,United States of America,5412,Yield,112.0,Maize (corn),2006,2006,kg/ha,9357.7,A,Official value,
QCL,Crops and livestock products,840,United States of America,5412,Yield,112.0,Maize (corn),2007,2007,kg/ha,9458.5,A,Official value,
QCL,Crops and livestock products,840,United States of America,5412,Yield,112.0,Maize (corn),2008,2008,kg/ha,9620.9,A,Official value,
QCL,Crops and livestock products,840,United States of America,5412,Yield,112.0,Maize (corn),2009,2009,kg/ha,10318.1,A,Official value,
QCL,Crops and livestock products,840,United States of America,5412,Yield,112.0,Maize (corn),2010,2010,kg/ha,9575.7,A,Official value,
QCL,Crops and livestock products,840,United States of America,5412,Yield,112.0,Maize (corn),2011,2011,kg/ha,9214.6,A,Official value,
QCL,Crops and livestock products,840,United States of America,5412,Yield,112.0,Maize (corn),2012,2012,kg/ha,7727.0,A,Official value,
QCL,Crops and livestock products,840,United States of America,5412,Yield,112.0,Maize (corn),2013,2013,kg/ha,9925.6,A,Official value,
QCL,Crops and livestock products,840,United States of America,5412,Yield,112.0,Maize (corn),2014,2014,kg/ha,10732.6,A,Official value,
QCL,Crops and livestock products,840,United States of America,5412,Yield,112.0,Maize (corn),2015,2015,kg/ha,10572.3,A,Official value,
QCL,Crops and livestock products,840,United States of America,5412,Yield,112.0,Maize (corn),2016,2016,kg/ha,11743.3,A,Official value,
QCL,Crops and livestock products,840,United States of America,5412,Yield,112.0,Maize (corn),2017,2017,kg/ha,11083.7,A,Official value,
QCL,Crops and livestock products,840,United States of America,5412,Yield,112.0,Maize (corn),2018,2018,kg/ha,11074.6,A,Official value,
QCL,Crops and livestock products,840,United States of America,5412,Yield,112.0,Maize (corn),2019,2019,kg/ha,10510.4,A,Official value,
QCL,Crops and livestock products,840,United States of America,5412,Yield,112.0,Maize (corn),2020,2020,kg/ha,10760.5,A,Official value,
QCL,Crops and livestock products,840,United States of America,5412,Yield,112.0,Maize (corn),2021,2021,kg/ha,11091.2,A,Official value,
QCL,Crops and livestock products,840,United States of America,5412,Yield,112.0,Maize (corn),2022,2022,kg/ha,10886.3,A,Official value,
QCL,Crops and livestock products,840,United States of America,5412,Yield,112.0,Maize (corn),2023,2023,kg/ha,11130.6,A,Official value,
QCL,Crops and livestock products,840,United States of America,5412,Yield,112.0,Maize (corn),2024,2024,kg/ha,11256.8,A,Official value,
QCL,Crops and livestock products,840,United States of America,5412,Yield,113.0,Rice,1961,1961,kg/ha,3822.7,A,Official value,
QCL,Crops and livestock products,840,United States of America,5412,Yield,113.0,Rice,1962,1962,kg/ha,4178.5,A,Official value,
QCL,Crops and livestock products,840,United States of America,5412,Yield,113.0,Rice,1963,1963,kg/ha,4444.9,A,Official value,
QCL,Crops and livestock products,840,United States of America,5412,Yield,113.0,Rice,1964,1964,kg/ha,4590.6,A,Official value,
QCL,Crops and livestock products,840,United States of America,5412,Yield,113.0,Rice,1965,1965,kg/ha,4769.3,A,Official value,
QCL,Crops and livestock products,840,United States of America,5412,Yield,113.0,Rice,1966,1966,kg/ha,4844.2,A,Official value,
QCL,Crops and livestock products,840,United States of America,5412,Yield,113.0,Rice,1967,1967,kg/ha,5085.1,A,Official value,
QCL,Crops and livestock products,840,United States of America,5412,Yield,113.0,Rice,1968,1968,kg/ha,4960.0,A,Official value,
QCL,Crops and livestock products,840,United States of America,5412,Yield,113.0,Rice,1969,1969,kg/ha,4839.9,A,Official value,
QCL,Crops and livestock products,840,United States of America,5412,Yield,113.0,Rice,1970,1970,kg/ha,5176.3,A,Official value,
QCL,Crops and livestock products,840,United States of America,5412,Yield,113.0,Rice,1971,1971,kg/ha,5288.2,A,Official value,
QCL,Crops and livestock products,840,United States of America,5412,Yield,113.0,Rice,1972,1972,kg/ha,5267.9,A,Official value,
QCL,Crops and livestock products,840,United States of America,5412,Yield,113.0,Rice,1973,1973,kg/ha,4791.1,A,Official value,
QCL,Crops and livestock products,840,United States of America,5412,Yield,113.0,Rice,1974,1974,kg/ha,4977.0,A,Official value,
QCL,Crops and livestock products,840,United States of America,5412,Yield,113.0,Rice,1975,1975,kg/ha,5108.6,A,Official value,
QCL,Crops and livestock products,840,United States of America,5412,Yield,113.0,Rice,1976,1976,kg/ha,5226.8,A,Official value,
QCL,Crops and livestock products,840,United States of America,5412,Yield,113.0,Rice,1977,1977,kg/ha,4945.0,A,Official value,
QCL,Crops and livestock products,840,United States of America,5412,Yield,113.0,Rice,1978,1978,kg/ha,5025.7,A,Official value,
QCL,Crops and livestock products,840,United States of America,5412,Yield,113.0,Rice,1979,1979,kg/ha,5154.8,A,Official value,
QCL,Crops and livestock products,840,United States of America,5412,Yield,113.0,Rice,1980,1980,kg/ha,4946.1,A,Official value,
QCL,Crops and livestock products,840,United States of America,5412,Yield,113.0,Rice,1981,1981,kg/ha,5401.5,A,Official value,
QCL,Crops and livestock products,840,United States of America,5412,Yield,113.0,Rice,1982,1982,kg/ha,5279.1,A,Official value,
QCL,Crops and livestock products,840,United States of America,5412,Yield,113.0,Rice,1983,1983,kg/ha,5153.2,A,Official value,
QCL,Crops and livestock products,840,United States of America,5412,Yield,113.0,Rice,1984,1984,kg/ha,5552.3,A,Official value,
QCL,Crops and livestock products,840,United States of America,5412,Yield,113.0,Rice,1985,1985,kg/ha,6070.4,A,Official value,
QCL,Crops and livestock products,840,United States of America,5412,Yield,113.0,Rice,1986,1986,kg/ha,6334.0,A,Official value,
QCL,Crops and livestock products,840,United States of America,5412,Yield,113.0,Rice,1987,1987,kg/ha,6227.1,A,Official value,
QCL,Crops and livestock products,840,United States of America,5412,Yield,113.0,Rice,1988,1988,kg/ha,6180.1,A,Official value,
QCL,Crops and livestock products,840,United States of America,5412,Yield,113.0,Rice,1989,1989,kg/ha,6446.6,A,Official value,
QCL,Crops and livestock products,840,United States of America,5412,Yield,113.0,Rice,1990,1990,kg/ha,6197.5,A,Official value,
QCL,Crops and livestock products,840,United States of America,5412,Yield,113.0,Rice,1991,1991,kg/ha,6423.1,A,Official value,
QCL,Crops and livestock products,840,United States of America,5412,Yield,113.0,Rice,1992,1992,kg/ha,6429.4,A,Official value,
QCL,Crops and livestock products,840,United States of America,5412,Yield,113.0,Rice,1993,1993,kg/ha,6176.3,A,Official value,
QCL,Crops and livestock products,840,United States of America,5412,Yield,113.0,Rice,1994,1994,kg/ha,6685.1,A,Official value,
QCL,Crops and livestock products,840,United States of America,5412,Yield,113.0,Rice,1995,1995,kg/ha,6300.7,A,Official value,
QCL,Crops and livestock products,840,United States of America,5412,Yield,113.0,Rice,1996,1996,kg/ha,6859.3,A,Official value,
QCL,Crops and livestock products,840,United States of America,5412,Yield,113.0,Rice,1997,1997,kg/ha,6609.9,A,Official value,
QCL,Crops and livestock products,840,United States of America,5412,Yield,113.0,Rice,1998,1998,kg/ha,6347.3,A,Official value,
QCL,Crops and livestock products,840,United States of America,5412,Yield,113.0,Rice,1999,1999,kg/ha,6575.3,A,Official value,
QCL,Crops and livestock products,840,United States of America,5412,Yield,113.0,Rice,2000,2000,kg/ha,7039.7,A,Official value,
QCL,Crops and livestock products,840,United States of America,5412,Yield,113.0,Rice,2001,2001,kg/ha,7280.7,A,Official value,
QCL,Crops and livestock products,840,United States of America,5412,Yield,113.0,Rice,2002,2002,kg/ha,7373.0,A,Official value,
QCL,Crops and livestock products,840,United States of America,5412,Yield,113.0,Rice,2003,2003,kg/ha,7475.9,A,Official value,
QCL,Crops and livestock products,840,United States of America,5412,Yield,113.0,Rice,2004,2004,kg/ha,7832.8,A,Official value,
QCL,Crops and livestock products,840,United States of America,5412,Yield,113.0,Rice,2005,2005,kg/ha,7424.5,A,Official value,
QCL,Crops and livestock products,840,United States of America,5412,Yield,113.0,Rice,2006,2006,kg/ha,7731.3,A,Official value,
QCL,Crops and livestock products,840,United States of America,5412,Yield,113.0,Rice,2007,2007,kg/ha,8091.7,A,Official value,
QCL,Crops and livestock products,840,United States of America,5412,Yield,113.0,Rice,2008,2008,kg/ha,7673.1,A,Official value,
QCL,Crops and livestock products,840,United States of America,5412,Yield,113.0,Rice,2009,2009,kg/ha,7941.3,A,Official value,
QCL,Crops and livestock products,840,United States of America,5412,Yield,113.0,Rice,2010,2010,kg/ha,7537.5,A,Official value,
QCL,Crops and livestock products,840,United States of America,5412,Yield,113.0,Rice,2011,2011,kg/ha,7920.9,A,Official value,
QCL,Crops and livestock products,840,United States of America,5412,Yield,113.0,Rice,2012,2012,kg/ha,8365.1,A,Official value,
QCL,Crops and livestock products,840,United States of America,5412,Yield,113.0,Rice,2013,2013,kg/ha,8623.2,A,Official value,
QCL,Crops and livestock products,840,United States of America,5412,Yield,113.0,Rice,2014,2014,kg/ha,8491.9,A,Official value,
QCL,Crops and livestock products,840,United States of America,5412,Yield,113.0,Rice,2015,2015,kg/ha,8372.2,A,Official value,
QCL,Crops and livestock products,840,United States of America,5412,Yield,113.0,Rice,2016,2016,kg/ha,8112.1,A,Official value,
QCL,Crops and livestock products,840,United States of America,5412,Yield,113.0,Rice,2017,2017,kg/ha,8414.7,A,Official value,
QCL,Crops and livestock products,840,United States of America,5412,Yield,113.0,Rice,2018,2018,kg/ha,8621.3,A,Official value,
QCL,Crops and livestock products,840,United States of America,5412,Yield,113.0,Rice,2019,2019,kg/ha,8375.9,A,Official value,
QCL,Crops and livestock products,840,United States of America,5412,Yield,113.0,Rice,2020,2020,kg/ha,8540.1,A,Official value,
QCL,Crops and livestock products,840,United States of America,5412,Yield,113.0,Rice,2021,2021,kg/ha,8641.6,A,Official value,
QCL,Crops and livestock products,840,United States of America,5412,Yield,113.0,Rice,2022,2022,kg/ha,8277.8,A,Official value,
QCL,Crops and livestock products,840,United States of America,5412,Yield,113.0,Rice,2023,2023,kg/ha,8572.8,A,Official value,
QCL,Crops and livestock products,840,United States of America,5412,Yield,113.0,Rice,2024,2024,kg/ha,8684.1,A,Official value,
QCL,Crops and livestock products,840,United States of America,5412,Yield,1921.01,"Seed cotton, unginned",1961,1961,kg/ha,1348.6,A,Official value,
QCL,Crops and livestock products,840,United States of America,5412,Yield,1921.01,"Seed cotton, unginned",1962,1962,kg/ha,1396.3,A,Official value,
QCL,Crops and livestock products,840,United States of America,5412,Yield,1921.01,"Seed cotton, unginned",1963,1963,kg/ha,1555.7,A,Official value,
QCL,Crops and livestock products,840,United States of America,5412,Yield,1921.01,"Seed cotton, unginned",1964,1964,kg/ha,1574.4,A,Official value,
QCL,Crops and livestock products,840,United States of America,5412,Yield,1921.01,"Seed cotton, unginned",1965,1965,kg/ha,1593.3,A,Official value,
QCL,Crops and livestock products,840,United States of America,5412,Yield,1921.01,"Seed cotton, unginned",1966,1966,kg/ha,1467.5,A,Official value,
QCL,Crops and livestock products,840,United States of America,5412,Yield,1921.01,"Seed cotton, unginned",1967,1967,kg/ha,1400.6,A,Official value,
QCL,Crops and livestock products,840,United States of America,5412,Yield,1921.01,"Seed cotton, unginned",1968,1968,kg/ha,1602.2,A,Official value,
QCL,Crops and livestock products,840,United States of America,5412,Yield,1921.01,"Seed cotton, unginned",1969,1969,kg/ha,1311.5,A,Official value,
QCL,Crops and livestock products,840,United States of America,5412,Yield,1921.01,"Seed cotton, unginned",1970,1970,kg/ha,1309.1,A,Official value,
QCL,Crops and livestock products,840,United States of America,5412,Yield,1921.01,"Seed cotton, unginned",1971,1971,kg/ha,1320.0,A,Official value,
QCL,Crops and livestock products,840,United States of America,5412,Yield,1921.01,"Seed cotton, unginned",1972,1972,kg/ha,1499.0,A,Official value,
QCL,Crops and livestock products,840,United States of America,5412,Yield,1921.01,"Seed cotton, unginned",1973,1973,kg/ha,1522.5,A,Official value,
QCL,Crops and livestock products,840,United States of America,5412,Yield,1921.01,"Seed cotton, unginned",1974,1974,kg/ha,1300.6,A,Official value,
QCL,Crops and livestock products,840,United States of America,5412,Yield,1921.01,"Seed cotton, unginned",1975,1975,kg/ha,1327.9,A,Official value,
QCL,Crops and livestock products,840,United States of America,5412,Yield,1921.01,"Seed cotton, unginned",1976,1976,kg/ha,1368.3,A,Official value,
QCL,Crops and livestock products,840,United States of America,5412,Yield,1921.01,"Seed cotton, unginned",1977,1977,kg/ha,1515.5,A,Official value,
QCL,Crops and livestock products,840,United States of America,5412,Yield,1921.01,"Seed cotton, unginned",1978,1978,kg/ha,1242.8,A,Official value,
QCL,Crops and livestock products,840,United States of America,5412,Yield,1921.01,"Seed cotton, unginned",1979,1979,kg/ha,1623.0,A,Official value,
QCL,Crops and livestock products,840,United States of America,5412,Yield,1921.01,"Seed cotton, unginned",1980,1980,kg/ha,1211.3,A,Official value,
QCL,Crops and livestock products,840,United States of America,5412,Yield,1921.01,"Seed cotton, unginned",1981,1981,kg/ha,1644.2,A,Official value,
QCL,Crops and livestock products,840,United States of America,5412,Yield,1921.01,"Seed cotton, unginned",1982,1982,kg/ha,1753.7,A,Official value,
QCL,Crops and livestock products,840,United States of America,5412,Yield,1921.01,"Seed cotton, unginned",1983,1983,kg/ha,1507.5,A,Official value,
QCL,Crops and livestock products,840,United States of America,5412,Yield,1921.01,"Seed cotton, unginned",1984,1984,kg/ha,1785.1,A,Official value,
QCL,Crops and livestock products,840,United States of America,5412,Yield,1921.01,"Seed cotton, unginned",1985,1985,kg/ha,1863.2,A,Official value,
QCL,Crops and livestock products,840,United States of America,5412,Yield,1921.01,"Seed cotton, unginned",1986,1986,kg/ha,1624.5,A,Official value,
QCL,Crops and livestock products,840,United States of America,5412,Yield,1921.01,"Seed cotton, unginned",1987,1987,kg/ha,2081.2,A,Official value,
QCL,Crops and livestock products,840,United States of America,5412,Yield,1921.01,"Seed cotton, unginned",1988,1988,kg/ha,1831.2,A,Official value,
QCL,Crops and livestock products,840,United States of America,5412,Yield,1921.01,"Seed cotton, unginned",1989,1989,kg/ha,1786.8,A,Official value,
QCL,Crops and livestock products,840,United States of America,5412,Yield,1921.01,"Seed cotton, unginned",1990,1990,kg/ha,1851.2,A,Official value,
QCL,Crops and livestock products,840,United States of America,5412,Yield,1921.01,"Seed cotton, unginned",1991,1991,kg/ha,1929.1,A,Official value,
QCL,Crops and livestock products,840,United States of America,5412,Yield,1921.01,"Seed cotton, unginned",1992,1992,kg/ha,2036.1,A,Official value,
QCL,Crops and livestock products,840,United States of America,5412,Yield,1921.01,"Seed cotton, unginned",1993,1993,kg/ha,1791.2,A,Official value,
QCL,Crops and livestock products,840,United States of America,5412,Yield,1921.01,"Seed cotton, unginned",1994,1994,kg/ha,2073.5,A,Official value,
QCL,Crops and livestock products,840,United States of America,5412,Yield,1921.01,"Seed cotton, unginned",1995,1995,kg/ha,1560.7,A,Official value,
QCL,Crops and livestock products,840,United States of America,5412,Yield,1921.01,"Seed cotton, unginned",1996,1996,kg/ha,2068.9,A,Official value,
QCL,Crops and livestock products,840,United States of America,5412,Yield,1921.01,"Seed cotton, unginned",1997,1997,kg/ha,1913.7,A,Official value,
QCL,Crops and livestock products,840,United States of America,5412,Yield,1921.01,"Seed cotton, unginned",1998,1998,kg/ha,1826.5,A,Official value,
QCL,Crops and livestock products,840,United States of America,5412,Yield,1921.01,"Seed cotton, unginned",1999,1999,kg/ha,1740.9,A,Official value,
QCL,Crops and livestock products,840,United States of America,5412,Yield,1921.01,"Seed cotton, unginned",2000,2000,kg/ha,1813.8,A,Official value,
QCL,Crops and livestock products,840,United States of America,5412,Yield,1921.01,"Seed cotton, unginned",2001,2001,kg/ha,1998.0,A,Official value,
QCL,Crops and livestock products,840,United States of America,5412,Yield,1921.01,"Seed cotton, unginned",2002,2002,kg/ha,1862.0,A,Official value,
QCL,Crops and livestock products,840,United States of America,5412,Yield,1921.01,"Seed cotton, unginned",2003,2003,kg/ha,2062.8,A,Official value,
QCL,Crops and livestock products,840,United States of America,5412,Yield,1921.01,"Seed cotton, unginned",2004,2004,kg/ha,2373.1,A,Official value,
QCL,Crops and livestock products,840,United States of America,5412,Yield,1921.01,"Seed cotton, unginned",2005,2005,kg/ha,2305.2,A,Official value,
QCL,Crops and livestock products,840,United States of America,5412,Yield,1921.01,"Seed cotton, unginned",2006,2006,kg/ha,2261.9,A,Official value,
QCL,Crops and livestock products,840,United States of America,5412,Yield,1921.01,"Seed cotton, unginned",2007,2007,kg/ha,2393.3,A,Official value,
QCL,Crops and livestock products,840,United States of America,5412,Yield,1921.01,"Seed cotton, unginned",2008,2008,kg/ha,2184.6,A,Official value,
QCL,Crops and livestock products,840,United States of America,5412,Yield,1921.01,"Seed cotton, unginned",2009,2009,kg/ha,2106.2,A,Official value,
QCL,Crops and livestock products,840,United States of America,5412,Yield,1921.01,"Seed cotton, unginned",2010,2010,kg/ha,2188.1,A,Official value,
QCL,Crops and livestock products,840,United States of America,5412,Yield,1921.01,"Seed cotton, unginned",2011,2011,kg/ha,2544.8,A,Official value,
QCL,Crops and livestock products,840,United States of America,5412,Yield,1921.01,"Seed cotton, unginned",2012,2012,kg/ha,2725.1,A,Official value,
QCL,Crops and livestock products,840,United States of America,5412,Yield,1921.01,"Seed cotton, unginned",2013,2013,kg/ha,2497.7,A,Official value,
QCL,Crops and livestock products,840,United States of America,5412,Yield,1921.01,"Seed cotton, unginned",2014,2014,kg/ha,2588.6,A,Official value,
QCL,Crops and livestock products,840,United States of America,5412,Yield,1921.01,"Seed cotton, unginned",2015,2015,kg/ha,2591.7,E,Estimated value,
QCL,Crops and livestock products,840,United States of America,5412,Yield,1921.01,"Seed cotton, unginned",2016,2016,kg/ha,2620.6,E,Estimated value,
QCL,Crops and livestock products,840,United States of America,5412,Yield,1921.01,"Seed cotton, unginned",2017,2017,kg/ha,2671.3,E,Estimated value,
QCL,Crops and livestock products,840,United States of America,5412,Yield,1921.01,"Seed cotton, unginned",2018,2018,kg/ha,2687.2,E,Estimated value,
QCL,Crops and livestock products,840,United States of America,5412,Yield,1921.01,"Seed cotton, unginned",2019,2019,kg/ha,2712.8,E,Estimated value,
QCL,Crops and livestock products,840,United States of America,5412,Yield,1921.01,"Seed cotton, unginned",2020,2020,kg/ha,2744.4,E,Estimated value,
QCL,Crops and livestock products,840,United States of America,5412,Yield,1921.01,"Seed cotton, unginned",2021,2021,kg/ha,2777.7,E,Estimated value,
QCL,Crops and livestock products,840,United States of America,5412,Yield,1921.01,"Seed cotton, unginned",2022,2022,kg/ha,2802.4,E,Estimated value,
QCL,Crops and livestock products,840,United States of America,5412,Yield,1921.01,"Seed cotton, unginned",2023,2023,kg/ha,2831.2,E,Estimated value,
QCL,Crops and livestock products,840,United States of America,5412,Yield,1921.01,"Seed cotton, unginned",2024,2024,kg/ha,2860.0,E,Estimated value,
QCL,Crops and livestock products,840,United States of America,5412,Yield,141.0,Soya beans,1961,1961,kg/ha,1690.0,A,Official value,
QCL,Crops and livestock products,840,United States of America,5412,Yield,141.0,Soya beans,1962,1962,kg/ha,1630.2,A,Official value,
QCL,Crops and livestock products,840,United States of America,5412,Yield,141.0,Soya beans,1963,1963,kg/ha,1643.2,A,Official value,
QCL,Crops and livestock products,840,United States of America,5412,Yield,141.0,Soya beans,1964,1964,kg/ha,1530.9,A,Official value,
QCL,Crops and livestock products,840,United States of America,5412,Yield,141.0,Soya beans,1965,1965,kg/ha,1650.8,A,Official value,
QCL,Crops and livestock products,840,United States of America,5412,Yield,141.0,Soya beans,1966,1966,kg/ha,1708.7,A,Official value,
QCL,Crops and livestock products,840,United States of America,5412,Yield,141.0,Soya beans,1967,1967,kg/ha,1649.8,A,Official value,
QCL,Crops and livestock products,840,United States of America,5412,Yield,141.0,Soya beans,1968,1968,kg/ha,1798.6,A,Official value,
QCL,Crops and livestock products,840,United States of America,5412,Yield,141.0,Soya beans,1969,1969,kg/ha,1843.5,A,Official value,
QCL,Crops and livestock products,840,United States of America,5412,Yield,141.0,Soya beans,1970,1970,kg/ha,1794.1,A,Official value,
QCL,Crops and livestock products,840,United States of America,5412,Yield,141.0,Soya beans,1971,1971,kg/ha,1852.2,A,Official value,
QCL,Crops and livestock products,840,United States of America,5412,Yield,141.0,Soya beans,1972,1972,kg/ha,1870.6,A,Official value,
QCL,Crops and livestock products,840,United States of America,5412,Yield,141.0,Soya beans,1973,1973,kg/ha,1869.6,A,Official value,
QCL,Crops and livestock products,840,United States of America,5412,Yield,141.0,Soya beans,1974,1974,kg/ha,1593.3,A,Official value,
QCL,Crops and livestock products,840,United States of America,5412,Yield,141.0,Soya beans,1975,1975,kg/ha,1942.1,A,Official value,
QCL,Crops and livestock products,840,United States of America,5412,Yield,141.0,Soya beans,1976,1976,kg/ha,1754.3,A,Official value,
QCL,Crops and livestock products,840,United States of America,5412,Yield,141.0,Soya beans,1977,1977,kg/ha,2055.2,A,Official value,
QCL,Crops and livestock products,840,United States of America,5412,Yield,141.0,Soya beans,1978,1978,kg/ha,1974.1,A,Official value,
QCL,Crops and livestock products,840,United States of America,5412,Yield,141.0,Soya beans,1979,1979,kg/ha,2161.4,A,Official value,
QCL,Crops and livestock products,840,United States of America,5412,Yield,141.0,Soya beans,1980,1980,kg/ha,1782.7,A,Official value,
QCL,Crops and livestock products,840,United States of America,5412,Yield,141.0,Soya beans,1981,1981,kg/ha,2033.1,A,Official value,
QCL,Crops and livestock products,840,United States of America,5412,Yield,141.0,Soya beans,1982,1982,kg/ha,2121.3,A,Official value,
QCL,Crops and livestock products,840,United States of America,5412,Yield,141.0,Soya beans,1983,1983,kg/ha,1759.4,A,Official value,
QCL,Crops and livestock products,840,United States of America,5412,Yield,141.0,Soya beans,1984,1984,kg/ha,1893.0,A,Official value,
QCL,Crops and livestock products,840,United States of America,5412,Yield,141.0,Soya beans,1985,1985,kg/ha,2292.3,A,Official value,
QCL,Crops and livestock products,840,United States of America,5412,Yield,141.0,Soya beans,1986,1986,kg/ha,2241.1,A,Official value,
QCL,Crops and livestock products,840,United States of America,5412,Yield,141.0,Soya beans,1987,1987,kg/ha,2279.4,A,Official value,
QCL,Crops and livestock products,840,United States of America,5412,Yield,141.0,Soya beans,1988,1988,kg/ha,1815.5,A,Official value,
QCL,Crops and livestock products,840,United States of America,5412,Yield,141.0,Soya beans,1989,1989,kg/ha,2178.3,A,Official value,
QCL,Crops and livestock products,840,United States of America,5412,Yield,141.0,Soya beans,1990,1990,kg/ha,2292.0,A,Official value,
QCL,Crops and livestock products,840,United States of America,5412,Yield,141.0,Soya beans,1991,1991,kg/ha,2302.9,A,Official value,
QCL,Crops and livestock products,840,United States of America,5412,Yield,141.0,Soya beans,1992,1992,kg/ha,2529.5,A,Official value,
QCL,Crops and livestock products,840,United States of America,5412,Yield,141.0,Soya beans,1993,1993,kg/ha,2194.1,A,Official value,
QCL,Crops and livestock products,840,United States of America,5412,Yield,141.0,Soya beans,1994,1994,kg/ha,2781.3,A,Official value,
QCL,Crops and livestock products,840,United States of America,5412,Yield,141.0,Soya beans,1995,1995,kg/ha,2375.9,A,Official value,
QCL,Crops and livestock products,840,United States of America,5412,Yield,141.0,Soya beans,1996,1996,kg/ha,2526.9,A,Official value,
QCL,Crops and livestock products,840,United States of America,5412,Yield,141.0,Soya beans,1997,1997,kg/ha,2616.4,A,Official value,
QCL,Crops and livestock products,840,United States of America,5412,Yield,141.0,Soya beans,1998,1998,kg/ha,2616.9,A,Official value,
QCL,Crops and livestock products,840,United States of America,5412,Yield,141.0,Soya beans,1999,1999,kg/ha,2463.4,A,Official value,
QCL,Crops and livestock products,840,United States of America,5412,Yield,141.0,Soya beans,2000,2000,kg/ha,2561.4,A,Official value,
QCL,Crops and livestock products,840,United States of America,5412,Yield,141.0,Soya beans,2001,2001,kg/ha,2663.9,A,Official value,
QCL,Crops and livestock products,840,United States of America,5412,Yield,141.0,Soya beans,2002,2002,kg/ha,2556.7,A,Official value,
QCL,Crops and livestock products,840,United States of America,5412,Yield,141.0,Soya beans,2003,2003,kg/ha,2276.9,A,Official value,
QCL,Crops and livestock products,840,United States of America,5412,Yield,141.0,Soya beans,2004,2004,kg/ha,2840.5,A,Official value,
QCL,Crops and livestock products,840,United States of America,5412,Yield,141.0,Soya beans,2005,2005,kg/ha,2896.1,A,Official value,
QCL,Crops and livestock products,840,United States of America,5412,Yield,141.0,Soya beans,2006,2006,kg/ha,2881.7,A,Official value,
QCL,Crops and livestock products,840,United States of America,5412,Yield,141.0,Soya beans,2007,2007,kg/ha,2806.7,A,Official value,
QCL,Crops and livestock products,840,United States of America,5412,Yield,141.0,Soya beans,2008,2008,kg/ha,2671.8,A,Official value,
QCL,Crops and livestock products,840,United States of America,5412,Yield,141.0,Soya beans,2009,2009,kg/ha,2959.5,A,Official value,
QCL,Crops and livestock products,840,United States of America,5412,Yield,141.0,Soya beans,2010,2010,kg/ha,2924.3,A,Official value,
QCL,Crops and livestock products,840,United States of America,5412,Yield,141.0,Soya beans,2011,2011,kg/ha,2823.2,A,Official value,
QCL,Crops and livestock products,840,United States of America,5412,Yield,141.0,Soya beans,2012,2012,kg/ha,2686.7,A,Official value,
QCL,Crops and livestock products,840,United States of America,5412,Yield,141.0,Soya beans,2013,2013,kg/ha,2961.5,A,Official value,
QCL,Crops and livestock products,840,United States of America,5412,Yield,141.0,Soya beans,2014,2014,kg/ha,3197.7,A,Official value,
QCL,Crops and livestock products,840,United States of America,5412,Yield,141.0,Soya beans,2015,2015,kg/ha,3228.9,A,Official value,
QCL,Crops and livestock products,840,United States of America,5412,Yield,141.0,Soya beans,2016,2016,kg/ha,3493.6,A,Official value,
QCL,Crops and livestock products,840,United States of America,5412,Yield,141.0,Soya beans,2017,2017,kg/ha,3313.3,A,Official value,
QCL,Crops and livestock products,840,United States of America,5412,Yield,141.0,Soya beans,2018,2018,kg/ha,3399.7,A,Official value,
QCL,Crops and livestock products,840,United States of America,5412,Yield,141.0,Soya beans,2019,2019,kg/ha,3187.5,A,Official value,
QCL,Crops and livestock products,840,United States of America,5412,Yield,141.0,Soya beans,2020,2020,kg/ha,3432.7,A,Official value,
QCL,Crops and livestock products,840,United States of America,5412,Yield,141.0,Soya beans,2021,2021,kg/ha,3478.6,A,Official value,
QCL,Crops and livestock products,840,United States of America,5412,Yield,141.0,Soya beans,2022,2022,kg/ha,3332.6,A,Official value,
QCL,Crops and livestock products,840,United States of America,5412,Yield,141.0,Soya beans,2023,2023,kg/ha,3402.2,A,Official value,
QCL,Crops and livestock products,840,United States of America,5412,Yield,141.0,Soya beans,2024,2024,kg/ha,3412.5,A,Official value,
QCL,Crops and livestock products,840,United States of America,5412,Yield,111.0,Wheat,1961,1961,kg/ha,1607.0,A,Official value,
QCL,Crops and livestock products,840,United States of America,5412,Yield,111.0,Wheat,1962,1962,kg/ha,1680.9,A,Official value,
QCL,Crops and livestock products,840,United States of America,5412,Yield,111.0,Wheat,1963,1963,kg/ha,1694.9,A,Official value,
QCL,Crops and livestock products,840,United States of America,5412,Yield,111.0,Wheat,1964,1964,kg/ha,1734.4,A,Official value,
QCL,Crops and livestock products,840,United States of America,5412,Yield,111.0,Wheat,1965,1965,kg/ha,1785.3,A,Official value,
QCL,Crops and livestock products,840,United States of America,5412,Yield,111.0,Wheat,1966,1966,kg/ha,1768.8,A,Official value,
QCL,Crops and livestock products,840,United States of America,5412,Yield,111.0,Wheat,1967,1967,kg/ha,1737.5,A,Official value,
QCL,Crops and livestock products,840,United States of America,5412,Yield,111.0,Wheat,1968,1968,kg/ha,1911.6,A,Official value,
QCL,Crops and livestock products,840,United States of America,5412,Yield,111.0,Wheat,1969,1969,kg/ha,2058.0,A,Official value,
QCL,Crops and livestock products,840,United States of America,5412,Yield,111.0,Wheat,1970,1970,kg/ha,2086.5,A,Official value,
QCL,Crops and livestock products,840,United States of America,5412,Yield,111.0,Wheat,1971,1971,kg/ha,2282.9,A,Official value,
QCL,Crops and livestock products,840,United States of America,5412,Yield,111.0,Wheat,1972,1972,kg/ha,2198.3,A,Official value,
QCL,Crops and livestock products,840,United States of America,5412,Yield,111.0,Wheat,1973,1973,kg/ha,2124.8,A,Official value,
QCL,Crops and livestock products,840,United States of America,5412,Yield,111.0,Wheat,1974,1974,kg/ha,1833.3,A,Official value,
QCL,Crops and livestock products,840,United States of America,5412,Yield,111.0,Wheat,1975,1975,kg/ha,2058.2,A,Official value,
QCL,Crops and livestock products,840,United States of America,5412,Yield,111.0,Wheat,1976,1976,kg/ha,2037.5,A,Official value,
QCL,Crops and livestock products,840,United States of America,5412,Yield,111.0,Wheat,1977,1977,kg/ha,2062.9,A,Official value,
QCL,Crops and livestock products,840,United States of America,5412,Yield,111.0,Wheat,1978,1978,kg/ha,2113.6,A,Official value,
QCL,Crops and livestock products,840,United States of America,5412,Yield,111.0,Wheat,1979,1979,kg/ha,2298.0,A,Official value,
QCL,Crops and livestock products,840,United States of America,5412,Yield,111.0,Wheat,1980,1980,kg/ha,2251.3,A,Official value,
QCL,Crops and livestock products,840,United States of America,5412,Yield,111.0,Wheat,1981,1981,kg/ha,2322.9,A,Official value,
QCL,Crops and livestock products,840,United States of America,5412,Yield,111.0,Wheat,1982,1982,kg/ha,2385.9,A,Official value,
QCL,Crops and livestock products,840,United States of America,5412,Yield,111.0,Wheat,1983,1983,kg/ha,2650.9,A,Official value,
QCL,Crops and livestock products,840,United States of America,5412,Yield,111.0,Wheat,1984,1984,kg/ha,2607.3,A,Official value,
QCL,Crops and livestock products,840,United States of America,5412,Yield,111.0,Wheat,1985,1985,kg/ha,2519.7,A,Official value,
QCL,Crops and livestock products,840,United States of America,5412,Yield,111.0,Wheat,1986,1986,kg/ha,2316.7,A,Official value,
QCL,Crops and livestock products,840,United States of America,5412,Yield,111.0,Wheat,1987,1987,kg/ha,2533.0,A,Official value,
QCL,Crops and livestock products,840,United States of America,5412,Yield,111.0,Wheat,1988,1988,kg/ha,2291.3,A,Official value,
QCL,Crops and livestock products,840,United States of America,5412,Yield,111.0,Wheat,1989,1989,kg/ha,2202.4,A,Official value,
QCL,Crops and livestock products,840,United States of America,5412,Yield,111.0,Wheat,1990,1990,kg/ha,2656.7,A,Official value,
QCL,Crops and livestock products,840,United States of America,5412,Yield,111.0,Wheat,1991,1991,kg/ha,2303.8,A,Official value,
QCL,Crops and livestock products,840,United States of America,5412,Yield,111.0,Wheat,1992,1992,kg/ha,2643.3,A,Official value,
QCL,Crops and livestock products,840,United States of America,5412,Yield,111.0,Wheat,1993,1993,kg/ha,2569.9,A,Official value,
QCL,Crops and livestock products,840,United States of America,5412,Yield,111.0,Wheat,1994,1994,kg/ha,2527.0,A,Official value,
QCL,Crops and livestock products,840,United States of America,5412,Yield,111.0,Wheat,1995,1995,kg/ha,2406.5,A,Official value,
QCL,Crops and livestock products,840,United States of America,5412,Yield,111.0,Wheat,1996,1996,kg/ha,2438.9,A,Official value,
QCL,Crops and livestock products,840,United States of America,5412,Yield,111.0,Wheat,1997,1997,kg/ha,2657.4,A,Official value,
QCL,Crops and livestock products,840,United States of America,5412,Yield,111.0,Wheat,1998,1998,kg/ha,2903.4,A,Official value,
QCL,Crops and livestock products,840,United States of America,5412,Yield,111.0,Wheat,1999,1999,kg/ha,2872.6,A,Official value,
QCL,Crops and livestock products,840,United States of America,5412,Yield,111.0,Wheat,2000,2000,kg/ha,2823.8,A,Official value,
QCL,Crops and livestock products,840,United States of America,5412,Yield,111.0,Wheat,2001,2001,kg/ha,2701.8,A,Official value,
QCL,Crops and livestock products,840,United States of America,5412,Yield,111.0,Wheat,2002,2002,kg/ha,2356.7,A,Official value,
QCL,Crops and livestock products,840,United States of America,5412,Yield,111.0,Wheat,2003,2003,kg/ha,2971.2,A,Official value,
QCL,Crops and livestock products,840,United States of America,5412,Yield,111.0,Wheat,2004,2004,kg/ha,2902.6,A,Official value,
QCL,Crops and livestock products,840,United States of America,5412,Yield,111.0,Wheat,2005,2005,kg/ha,2823.1,A,Official value,
QCL,Crops and livestock products,840,United States of America,5412,Yield,111.0,Wheat,2006,2006,kg/ha,2598.6,A,Official value,
QCL,Crops and livestock products,840,United States of America,5412,Yield,111.0,Wheat,2007,2007,kg/ha,2704.6,A,Official value,
QCL,Crops and livestock products,840,United States of America,5412,Yield,111.0,Wheat,2008,2008,kg/ha,3017.5,A,Official value,
QCL,Crops and livestock products,840,United States of America,5412,Yield,111.0,Wheat,2009,2009,kg/ha,2989.7,A,Official value,
QCL,Crops and livestock products,840,United States of America,5412,Yield,111.0,Wheat,2010,2010,kg/ha,3116.7,A,Official value,
QCL,Crops and livestock products,840,United States of America,5412,Yield,111.0,Wheat,2011,2011,kg/ha,2942.2,A,Official value,
QCL,Crops and livestock products,840,United States of America,5412,Yield,111.0,Wheat,2012,2012,kg/ha,3115.4,A,Official value,
QCL,Crops and livestock products,840,United States of America,5412,Yield,111.0,Wheat,2013,2013,kg/ha,3167.3,A,Official value,
QCL,Crops and livestock products,840,United States of America,5412,Yield,111.0,Wheat,2014,2014,kg/ha,2937.8,A,Official value,
QCL,Crops and livestock products,840,United States of America,5412,Yield,111.0,Wheat,2015,2015,kg/ha,2929.9,A,Official value,
QCL,Crops and livestock products,840,United States of America,5412,Yield,111.0,Wheat,2016,2016,kg/ha,3540.8,A,Official value,
QCL,Crops and livestock products,840,United States of America,5412,Yield,111.0,Wheat,2017,2017,kg/ha,3117.5,A,Official value,
QCL,Crops and livestock products,840,United States of America,5412,Yield,111.0,Wheat,2018,2018,kg/ha,3200.5,A,Official value,
QCL,Crops and livestock products,840,United States of America,5412,Yield,111.0,Wheat,2019,2019,kg/ha,3474.6,A,Official value,
QCL,Crops and livestock products,840,United States of America,5412,Yield,111.0,Wheat,2020,2020,kg/ha,3341.7,A,Official value,
QCL,Crops and livestock products,840,United States of America,5412,Yield,111.0,Wheat,2021,2021,kg/ha,2980.5,A,Official value,
QCL,Crops and livestock products,840,United States of America,5412,Yield,111.0,Wheat,2022,2022,kg/ha,3126.5,A,Official value,
QCL,Crops and livestock products,840,United States of America,5412,Yield,111.0,Wheat,2023,2023,kg/ha,3269.4,A,Official value,
QCL,Crops and livestock products,840,United States of America,5412,Yield,111.0,Wheat,2024,2024,kg/ha,3446.2,A,Official value,
